"Id","imagen","Bodegas","Nombre y año","Región","Rating","Valoraciones","Precio","Comentarios"
"https://www.vivino.com/ES/es/legon-ribera-del-duero-premium/w/1190058?year=2019&price_id=30851196","https://images.vivino.com/thumbs/kGDZlCM7QWaCeP7qlM1SfQ_pb_x300.png","Legón","Ribera del Duero Premium 2019","Ribera del Duero, España","4,1","294 valoraciones","€25",""
"https://www.vivino.com/ES/es/legon-ribera-del-duero-crianza/w/1218601?year=2018&price_id=27288445","https://images.vivino.com/thumbs/uuegLkccTKySCz2SwZkgJA_pb_x300.png","Legón","Ribera del Duero Crianza 2018","Ribera del Duero, España","4,0","509 valoraciones","€18","Popular entre los usuarios de Vivino. Más de 500 valoraciones"
"https://www.vivino.com/ES/es/diaz-bayo-diaz-bayo-20-meses-reserva-ribera-del-duero/w/7499354?year=2014&price_id=20234725","https://images.vivino.com/thumbs/59SHifcMRoONvUsfwEvMwg_pb_x300.png","Bodegas Diaz Bayo","Díaz Bayo 20 Meses Reserva 2014","Ribera del Duero, España","4,1","464 valoraciones","€25","La cosecha más económica disponible"
"https://www.vivino.com/ES/es/bodegas-lleiroso-ll-reserva/w/1158307?year=2016&price_id=30470770","https://images.vivino.com/thumbs/3PhVDy9vRu-cMe_PkgzUcA_pb_x300.png","Bodegas Lleiroso","LL Reserva 2016","Ribera del Duero, España","3,8","48 valoraciones","€24","La cosecha más económica disponible"
"https://www.vivino.com/ES/es/bodegas-vilano-crianza/w/1516813?year=2020&price_id=31633548","https://images.vivino.com/thumbs/QEErTAgqRCmRSLzwZuufwA_pb_x300.png","Bodegas Vilano","Crianza 2020","Ribera del Duero, España","4,2","54 valoraciones","€15",""
"https://www.vivino.com/ES/es/lopez-alonso-potente/w/6741610?year=2019&price_id=30368713","https://images.vivino.com/thumbs/yR2mAzL6RcWZXSC8kN5dug_pb_x300.png","López-Alonso","Potente 2019","Montsant, España","4,0","56 valoraciones","€15",""
"https://www.vivino.com/ES/es/la-cepa-alta-cinco-elementos/w/6543583?year=2021&price_id=31601119","https://images.vivino.com/thumbs/fiSYRzxcQPa0F1piEvjeDA_pb_x300.png","La Cepa Alta","Cinco Elementos 2021","Ribera del Duero, España","4,3","25 valoraciones","€15",""
"https://www.vivino.com/ES/es/guelbenzu-evo/w/51644?year=2015&price_id=26680018","https://images.vivino.com/thumbs/fkOi6YPHTL--qu3FZ5rsyQ_pb_x300.png","Guelbenzu","Evo 2015","Ribera del Queiles, España","4,0","210 valoraciones","€15",""
"https://www.vivino.com/ES/es/ontanon-rioja-reserva/w/2904763?year=2015&price_id=30431342","https://images.vivino.com/thumbs/iJwmV3leQ5ue0WpcJt3txw_pb_x300.png","Ontañón","Rioja Reserva 2015","Rioja, España","4,0","96 valoraciones","€15",""
"https://www.vivino.com/ES/es/monte-real-la-rioja-cuvee-rioja-rioja/w/2031468?year=2019&price_id=29086027","https://images.vivino.com/thumbs/xSLfB2AyTD2C-jZYiViXaw_pb_x300.png","Monte Real","Cuvée Rioja 2019","Rioja, España","3,9","63 valoraciones","€15",""
"https://www.vivino.com/ES/es/bodegas-vilano-la-baraja-ribera-del-duero/w/6401250?year=2016&price_id=22286389","https://images.vivino.com/thumbs/nzX6rPEoTUa1ua5Znyi_KA_pb_x300.png","Bodegas Vilano","La Baraja 2016","Ribera del Duero, España","4,3","1036 valoraciones","€35",""
"https://www.vivino.com/ES/es/quinta-de-couselo-tradicion-rosal/w/9692726?year=2015&price_id=30693517","https://images.vivino.com/thumbs/mbmSUmOLQWiLKQkgpN3vbg_pb_x300.png","Quinta de Couselo","Tradición Rosal 2015","Rías Baixas, España","4,2","61 valoraciones","€28",""
"https://www.vivino.com/ES/es/bodegas-vilano-terra-incognita-ribera-del-duero/w/3721052?year=2019&price_id=27212415","https://images.vivino.com/thumbs/nqcIbBnjQ8Sqw6y_Qf4Ofg_pb_x300.png","Bodegas Vilano","Terra Incognita 2019","Ribera del Duero, España","4,3","353 valoraciones","€32",""
"https://www.vivino.com/ES/es/bodegas-castelo-de-medina-darou-sauvignon-blanc/w/7324238?year=2021&price_id=30668399","https://images.vivino.com/thumbs/y-EoJ0PMSq6ZWKEoeZ96tw_pb_x300.png","Bodegas Castelo de Medina","Darou Sauvignon Blanc 2021","Rueda, España","4,1","25 valoraciones","€11",""
"https://www.vivino.com/ES/es/monte-real-la-rioja-reserva/w/1576642?year=2018&price_id=30975113","https://images.vivino.com/thumbs/fic3GFixRpyfaTOd832o2w_pb_x300.png","Monte Real","Reserva 2018","Rioja, España","3,9","400 valoraciones","€11",""
"https://www.vivino.com/ES/es/la-cepa-alta-cinco-elementos-essentia/w/6543584?year=2020&price_id=31601122","https://images.vivino.com/thumbs/dRxBFe-lS8eziBg9sTMRAQ_pb_x300.png","La Cepa Alta","Cinco Elementos Essentia 2020","Ribera del Duero, España","4,3","31 valoraciones","€22",""
"https://www.vivino.com/ES/es/la-cepa-alta-cinco-elementos-essentia/w/6543584?year=2019&price_id=27843782","https://images.vivino.com/thumbs/dRxBFe-lS8eziBg9sTMRAQ_pb_x300.png","La Cepa Alta","Cinco Elementos Essentia 2019","Ribera del Duero, España","4,1","321 valoraciones","€22",""
"https://www.vivino.com/ES/es/marques-de-tomares-rioja-reserva/w/1155884?year=2014&price_id=27007438","https://images.vivino.com/thumbs/yONFeaNASBmKzUpX74Cwpg_pb_x300.png","Marques de Tomares","Rioja Reserva 2014","Rioja, España","4,1","564 valoraciones","€16",""
"https://www.vivino.com/ES/es/bodegas-ochoa-reserva-navarra/w/50474?year=2013&price_id=29442396","https://images.vivino.com/thumbs/Gb-FsgKKTFGT7TlrkQwmDw_pb_x300.png","Bodegas Ochoa","Reserva Navarra 2013","Navarra, España","4,0","112 valoraciones","€16",""
"https://www.vivino.com/ES/es/de-bardos-romantica-crianza/w/1165618?year=2020&price_id=30941503","https://images.vivino.com/thumbs/Jow91C00S3e4MelmEeJ5fA_pb_x300.png","Bodega de Bardos","Romántica Crianza 2020","Ribera del Duero, España","3,9","145 valoraciones","€12",""
"https://www.vivino.com/ES/es/bodegas-vilano-black-edition/w/3973671?year=2020&price_id=26972650","https://images.vivino.com/thumbs/X--X4eQiRLiMCHurn-MMFQ_pb_x300.png","Bodegas Vilano","Black Edition 2020","Ribera del Duero, España","4,0","664 valoraciones","€10",""
"https://www.vivino.com/ES/es/pagos-del-moncayo-prados-prive/w/5445839?year=2018&price_id=26609931","https://images.vivino.com/thumbs/Uh2dfmxuTxOouBCcmsB-zA_pb_x300.png","Pagos del Moncayo","Prados Privé 2018","Campo de Borja, España","4,2","103 valoraciones","€25",""
"https://www.vivino.com/ES/es/olarra-cerro-anon-reserva-rioja/w/76305?year=2017&price_id=27007455","https://images.vivino.com/thumbs/Q9-k4EE3Q-ylFyU8U-8Qcg_pb_x300.png","Bodegas Olarra","Cerro Añon Reserva Rioja 2017","Rioja, España","4,0","685 valoraciones","€13",""
"https://www.vivino.com/ES/es/martin-berdugo-crianza/w/1150140?year=2019&price_id=28799897","https://images.vivino.com/thumbs/8IC8ctPvQmCH7-4lp9g3dA_pb_x300.png","Martin Berdugo","Crianza 2019","Ribera del Duero, España","4,0","227 valoraciones","€13","La cosecha más económica disponible"
"https://www.vivino.com/ES/es/epifanio-rivera-erial-tinto-fino/w/1182155?year=2020&price_id=28485946","https://images.vivino.com/thumbs/KIZkDKsVS9mp9aJBTOJcNw_pb_x300.png","Epifanio Rivera","Erial Tinto Fino 2020","Ribera del Duero, España","4,1","193 valoraciones","€16","Buena relación entre calidad y precio. Los vinos similares generalmente cuestan un 68 % más."
"https://www.vivino.com/ES/es/finca-valpiedra-rioja-reserva/w/74426?year=2014&price_id=26282399","https://images.vivino.com/thumbs/9haGRHwERIiJFqUvGeXGQg_pb_x300.png","Finca Valpiedra","Rioja Reserva 2014","Rioja, España","4,1","585 valoraciones","€21",""
"https://www.vivino.com/ES/es/borsao-bodegas-zarihs-syrah/w/4399827?year=2018&price_id=28523311","https://images.vivino.com/thumbs/lZ1VvUIDRAabqask2TsNtQ_pb_x300.png","Borsao Bodegas","Zarihs Syrah 2018","Campo de Borja, España","4,1","606 valoraciones","€15",""
"https://www.vivino.com/ES/es/la-vicalanda-reserva/w/1126221?year=2016&price_id=30919940","https://images.vivino.com/thumbs/dxOFUGx_TimjeOmrMPZYBA_pb_x300.png","La Vicalanda","Reserva 2016","Rioja, España","4,1","317 valoraciones","€22",""
"https://www.vivino.com/ES/es/castell-de-sant-pau-cava-brut-nature/w/5174921?price_id=26561598","https://images.vivino.com/thumbs/t6P-9mt0SQKfQRKHcrTrzw_pb_x300.png","Castell de Sant Pau","Cava Brut Nature N.V.","Cava, España","4,0","884 valoraciones","€10",""
"https://www.vivino.com/ES/es/llurce-angel-garnacha-rioja-rioja/w/5608861?year=2019&price_id=27264143","https://images.vivino.com/thumbs/qQY9fuzWRX2Xn31iSjz6Gg_pb_x300.png","Ilurce","Angel Garnacha Rioja 2019","Rioja, España","4,0","244 valoraciones","€10",""
"https://www.vivino.com/ES/es/sinforiano-quelias-rose/w/5610625?year=2021&price_id=28854466","https://images.vivino.com/thumbs/JlAxFlsSRmapgZtIOIHp8w_pb_x300.png","Sinforiano","Quelías Rosé 2021","Cigales, España","4,0","108 valoraciones","€10",""
"https://www.vivino.com/ES/es/familia-torres-camino-de-magarin-sobre-lias-rueda/w/5528797?year=2018&price_id=25559960","https://images.vivino.com/thumbs/TFP19YsjSPKKvq2qz_2C7A_pb_x300.png","Familia Torres","Camino de Magarin Sobre Lias 2018","Rueda, España","3,9","174 valoraciones","€15,50",""
"https://www.vivino.com/ES/es/hacienda-zorita-natural-reserve-unamuno-vineyard-syrah-arribes/w/1744907?year=2018&price_id=24895471","https://images.vivino.com/thumbs/_0FedpFpR0Olun1BTl9Yeg_pb_x300.png","Hacienda Zorita Natural Reserve","Unamuno Vineyard Syrah 2018","Arribes, España","4,1","668 valoraciones","€16",""
"https://www.vivino.com/ES/es/hacienda-zorita-natural-reserve-unamuno-vineyard-syrah-arribes/w/1744907?year=2019&price_id=31299146","https://images.vivino.com/thumbs/_0FedpFpR0Olun1BTl9Yeg_pb_x300.png","Hacienda Zorita Natural Reserve","Unamuno Vineyard Syrah 2019","Arribes, España","4,1","87 valoraciones","€16",""
"https://www.vivino.com/ES/es/de-moya-maria/w/2905850?year=2018&price_id=26290954","https://images.vivino.com/thumbs/Arj4Ox9XTT-H9VB_Yoa8HA_pb_x300.png","De Moya","María 2018","Valencia, España","4,0","237 valoraciones","€11",""
"https://www.vivino.com/ES/es/hernando-y-sourdais-tinto/w/1209027?year=2020&price_id=27694825","https://images.vivino.com/thumbs/XhZ2F20fT02MPSw96BVPIg_pb_x300.png","Antídoto","Tinto 2020","Ribera del Duero, España","4,0","1027 valoraciones","€18",""
"https://www.vivino.com/ES/es/castillo-perelada-five-finques-fincas-reserva/w/99328?year=2017&price_id=26279777","https://images.vivino.com/thumbs/DNGvEvMiTNSgVe-0nLTsjg_pb_x300.png","Castillo Perelada","5 Finques (Fincas) Reserva 2017","Empordà, España","4,2","2275 valoraciones","€13",""
"https://www.vivino.com/ES/es/olarra-cerro-anon-reserva-rioja/w/76305?year=2018&price_id=31678901","https://images.vivino.com/thumbs/Q9-k4EE3Q-ylFyU8U-8Qcg_pb_x300.png","Bodegas Olarra","Cerro Añon Reserva Rioja 2018","Rioja, España","4,1","342 valoraciones","€13",""
"https://www.vivino.com/ES/es/clos-galena-galena-priorat/w/1188186?year=2018&price_id=27329190","https://images.vivino.com/thumbs/J6Glnlp8QU2X0eZi-pKPhQ_pb_x300.png","Clos Galena","Galena 2018","Priorato, España","4,3","396 valoraciones","€22,50",""
"https://www.vivino.com/ES/es/allegranza-gran-allegranza/w/5495167?year=2020&price_id=26970560","https://images.vivino.com/thumbs/ACf3CMgFQb20KUWspj5WBA_pb_x300.png","Allegranza","Gran Allegranza 2020","Alicante, España","4,1","264 valoraciones","€10",""
"https://www.vivino.com/ES/es/heraclio-alfaro-finca-estarijo/w/10074396?year=2016&price_id=28977408","https://images.vivino.com/thumbs/uPV0zbRGS9Kp6nrfda9czw_pb_x300.png","Heraclio Alfaro","Finca Estarijo 2016","Rioja, España","4,0","137 valoraciones","€15",""
"https://www.vivino.com/ES/es/pago-de-los-capellanes-o-luar-do-sil-valdeorras-godello-valdeorras-white-wine-v/w/5766980?year=2021&price_id=28750728","https://images.vivino.com/thumbs/QRHcV9bjTIS2hrkzmwz1ew_pb_x300.png","Pago de Los Capellanes","O Luar do Sil Valdeorras Godello 2021","Valdeorras, España","4,2","1272 valoraciones","€12,50",""
"https://www.vivino.com/ES/es/olarra-el-rayo-olarra/w/10332186?year=2019&price_id=29802285","https://images.vivino.com/thumbs/MIzHjMQXQrmGtxY6lwpqeQ_pb_x300.png","Bodegas Olarra","El Rayo Olarra 2019","Rioja, España","4,1","73 valoraciones","€16",""
"https://www.vivino.com/ES/es/tierra-de-cubas-manadero-collecion-de-parcellas-garnacha/w/9861362?year=2018&price_id=27440215","https://images.vivino.com/thumbs/b_6KmwyFTHClCwFBIlV0pQ_pb_x300.png","Tierra De Cubas","Manadero Collecion de Parcellas Garnacha 2018","Cariñena, España","3,9","433 valoraciones","€9",""
"https://www.vivino.com/ES/es/de-moya-gloria/w/5220637?year=2019&price_id=26291060","https://images.vivino.com/thumbs/egFcrwyiRTSLWrmaH9fm8w_pb_x300.png","De Moya","Gloria 2019","Valencia, España","3,9","170 valoraciones","€9",""
"https://www.vivino.com/ES/es/tobia-seleccion-de-autor-rioja-red-wine/w/1210710?year=2018&price_id=26555632","https://images.vivino.com/thumbs/-UrmlTVpSMibMJMj4ha7UQ_pb_x300.png","Tobia","Selección de Autor 2018","Rioja, España","4,1","639 valoraciones","€12,50",""
"https://www.vivino.com/ES/es/tobia-seleccion-de-autor-rioja-red-wine/w/1210710?year=2019&price_id=31840632","https://images.vivino.com/thumbs/-UrmlTVpSMibMJMj4ha7UQ_pb_x300.png","Tobia","Selección de Autor 2019","Rioja, España","4,0","35 valoraciones","€12,50",""
"https://www.vivino.com/ES/es/de-bardos-reserva/w/6773233?year=2018&price_id=28140179","https://images.vivino.com/thumbs/sgxNSuVVTTqScWzJsHHyLA_pb_x300.png","Bodega de Bardos","Reserva 2018","Ribera del Duero, España","4,1","262 valoraciones","€18",""
"https://www.vivino.com/ES/es/dominio-del-bendito-el-primer-paso/w/1165527?year=2021&price_id=31228504","https://images.vivino.com/thumbs/UluyKN1cQSSAJ7tltMJHpQ_pb_x300.png","Dominio del Bendito","El Primer Paso 2021","Toro, España","4,1","36 valoraciones","€13,50",""
"https://www.vivino.com/ES/es/marques-de-grinon-caliza-dominio-de-valdepusa/w/1153733?year=2016&price_id=27664137","https://images.vivino.com/thumbs/C7u7QpcOThaowwsXvaUsSA_pb_x300.png","Marqués de Griñon","Caliza 2016","Dominio de Valdepusa, España","3,8","255 valoraciones","€10,94",""
"https://www.vivino.com/ES/es/de-moya-sofia/w/4369993?year=2018&price_id=23801874","https://images.vivino.com/thumbs/8dUS3ZvYS2m3K1WGIv84Ow_pb_x300.png","De Moya","Sofia 2018","Valencia, España","4,2","276 valoraciones","€19",""
"https://www.vivino.com/ES/es/abadia-retuerta-seleccion-especial-sardon-de-duero/w/2388758?year=2018&price_id=29249780","https://images.vivino.com/thumbs/ghjM6gvERWm8S7Y2VXhw7w_pb_x300.png","Abadía Retuerta","Selección Especial 2018","Sardón de Duero, España","4,3","2039 valoraciones","€29",""
"https://www.vivino.com/ES/es/terra-duro-finca-la-rana/w/1234768?year=2019&price_id=29194573","https://images.vivino.com/thumbs/ggNweUJoQQqAHclL9oJs0w_pb_x300.png","Terra d'Uro","Finca La Rana 2019","Toro, España","4,0","239 valoraciones","€10",""
"https://www.vivino.com/ES/es/muga-flor-de-muga-rosado/w/5513425?year=2021&price_id=29584186","https://images.vivino.com/thumbs/K1G8YtJ4T_KbITLG-OeFqQ_pb_x300.png","Muga","Flor de Muga Rosado 2021","Rioja, España","4,1","165 valoraciones","€20",""
"https://www.vivino.com/ES/es/morca-godina-garnacha/w/5056642?year=2020&price_id=30486805","https://images.vivino.com/thumbs/So1AtRJxSV2dWizWKPNYVw_pb_x300.png","Morca","Godina Garnacha 2020","Campo de Borja, España","4,3","162 valoraciones","€18",""
"https://www.vivino.com/ES/es/losada-godello/w/4369228?year=2021&price_id=28138266","https://images.vivino.com/thumbs/3C8nPUxYRqac6QgQ4TuIVg_pb_x300.png","Losada","Godello 2021","Bierzo, España","4,1","206 valoraciones","€15",""
"https://www.vivino.com/ES/es/de-nariz-de-nariz-monastrell/w/8732956?year=2019&price_id=28125044","https://images.vivino.com/thumbs/J5MOzCVfRY-LWEfpoRz-1w_pb_x300.png","De Nariz","De Nariz Monastrell 2019","Yecla, España","4,1","236 valoraciones","€17",""
"https://www.vivino.com/ES/es/barahonda-summum-monastrell/w/1679600?year=2020&price_id=31231760","https://images.vivino.com/thumbs/rAAgKLNZQ4WSgLR6IS5bKw_pb_x300.png","Barahonda","Summum Monastrell 2020","Yecla, España","4,3","42 valoraciones","€16",""
"https://www.vivino.com/ES/es/olarra-cerro-anon-rioja-gran-reserva/w/76303?year=2016&price_id=31316680","https://images.vivino.com/thumbs/zFqj8uYUR3Wvij2nNZgoSw_pb_x300.png","Bodegas Olarra","Cerro Añon Rioja Gran Reserva 2016","Rioja, España","4,1","47 valoraciones","€18",""
"https://www.vivino.com/ES/es/bodega-tesalia-arx-arcos-de-la-frontera/w/6153558?year=2018&price_id=27053298","https://images.vivino.com/thumbs/PDjK31UtRA-ZCqS7Z2VfeQ_pb_x300.png","Bodega Tesalia","ARX Arcos de la Frontera 2018","Andalucía, España","4,2","829 valoraciones","€19",""
"https://www.vivino.com/ES/es/atlan-artisan-eight-vents-mallorca/w/3123416?year=2019&price_id=30365343","https://images.vivino.com/thumbs/M6IjhYa1T5uHpv669IFn0A_pb_x300.png","Atlan & Artisan","8 Vents Mallorca 2019","Mallorca, España","4,2","240 valoraciones","€20",""
"https://www.vivino.com/ES/es/luis-canas-rioja-reserva/w/86877?year=2016&price_id=30824619","https://images.vivino.com/thumbs/i9Uo9U3pRYe6xF9-hLAIHA_pb_x300.png","Luis Cañas","Rioja Reserva 2016","Rioja, España","4,1","1086 valoraciones","€13,50",""
"https://www.vivino.com/ES/es/la-rioja-alta-vina-ardanza-reserva/w/7973?year=2015&price_id=29789426","https://images.vivino.com/thumbs/WLyWx1cvSGe7KcPsIlFtig_pb_x300.png","La Rioja Alta","Viña Ardanza Reserva 2015","Rioja, España","4,4","8920 valoraciones","",""
"https://www.vivino.com/ES/es/atalaya-almansa-alaya-tierra-old-vines-vieilles-vignes-almansa/w/3772025?year=2019&price_id=31931847","https://images.vivino.com/thumbs/tMjxEcJZS8-W9Sa16npb-Q_pb_x300.png","Atalaya","Alaya Tierra (Old Vines Vieilles Vignes) 2019","Almansa, España","4,4","1175 valoraciones","",""
"https://www.vivino.com/ES/es/toms-postigo-three-er-ano-ribera-del-duero-tinto/w/1187752?year=2019&price_id=29265425","https://images.vivino.com/thumbs/oyfGJV3gT7auKiJKkzLwfw_pb_x300.png","Tomás Postigo","3er Año Ribera del Duero Tinto 2019","Ribera del Duero, España","4,4","1121 valoraciones","",""
"https://www.vivino.com/ES/es/rodriguez-sanzo-whisba-tempranillo-aged-18-months-in-whisky-barrels/w/7012562?year=2019&price_id=26808033","https://images.vivino.com/thumbs/D1jniqMMRG6CP-WWSc8PCA_pb_x300.png","Rodríguez Sanzo","Whisba Tempranillo Aged 18 Months in Whisky Barrels 2019","Toro, España","4,4","1101 valoraciones","",""
"https://www.vivino.com/ES/es/atalaya-almansa-alaya-tierra-old-vines-vieilles-vignes-almansa/w/3772025?year=2020&price_id=28002124","https://images.vivino.com/thumbs/tMjxEcJZS8-W9Sa16npb-Q_pb_x300.png","Atalaya","Alaya Tierra (Old Vines Vieilles Vignes) 2020","Almansa, España","4,4","609 valoraciones","",""
"https://www.vivino.com/ES/es/es-jaro-chafandin/w/1801580?year=2018&price_id=23540233","https://images.vivino.com/thumbs/HBGo0kMSQIm_Z6-BB8Wf7A_pb_x300.png","Jaro","Chafandin 2018","Ribera del Duero, España","4,4","284 valoraciones","",""
"https://www.vivino.com/ES/es/finca-rodma-seleccion-tinto/w/9886062?year=2019&price_id=31842176","https://images.vivino.com/thumbs/9jZYuu16TiKYUc5fgHfswQ_pb_x300.png","Finca Rodma","Selección Tinto 2019","Ribera del Duero, España","4,4","262 valoraciones","",""
"https://www.vivino.com/ES/es/divina-proporcion-platon-tinto/w/9944599?year=2019&price_id=29920740","https://images.vivino.com/thumbs/V8Cg-uABSPKHV1QpYqs6Fw_pb_x300.png","Divina Proporción","Platón Tinto 2019","Toro, España","4,4","227 valoraciones","","Popular entre los usuarios de Vivino. Más de 200 valoraciones"
"https://www.vivino.com/ES/es/es-de-muller-vermouth-reserva/w/1840015?price_id=26244991","https://images.vivino.com/thumbs/5XSQu0vVQXOYystvgiiIZg_pb_x300.png","De Muller","Vermouth Reserva N.V.","Tarragona, España","4,4","145 valoraciones","","Entre el 1 % superior de todos los vinos del mundo"
"https://www.vivino.com/ES/es/valduero-bodegas-y-vinedo-ribera-del-duero-una-cepa-i-ribera-del-duero/w/1218067?year=2018&price_id=31336474","https://images.vivino.com/thumbs/OnmHL5WHSMm0VjdF1qrgTQ_pb_x300.png","Bodegas Valduero","Ribera del Duero Una Cepa I 2018","Ribera del Duero, España","4,4","137 valoraciones","",""
"https://www.vivino.com/ES/es/dehesa-del-carrizal-coleccion-privada/w/1180600?year=2017&price_id=27925367","https://images.vivino.com/thumbs/ZFu47Q6pRkmrfRBLInOWJA_pb_x300.png","Dehesa del Carrizal","Colección Privada 2017","Dehesa del Carrizal, España","4,4","131 valoraciones","",""
"https://www.vivino.com/ES/es/pago-de-vallegarcia-hipperia-red-blend/w/1667257?year=2019&price_id=30712067","https://images.vivino.com/thumbs/L1nQMYl8SxaWfHo5u-drOg_pb_x300.png","Pago de Vallegarcía","Hipperia Red Blend 2019","Castilla, España","4,4","68 valoraciones","",""
"https://www.vivino.com/ES/es/cepas-familiares-nivel/w/8032785?year=2019&price_id=27377630","https://images.vivino.com/thumbs/S59y5kCRTgucXCWSU7M8UQ_pb_x300.png","Cepas Familiares","Nivel 2019","Ribera del Duero, España","4,4","53 valoraciones","",""
"https://www.vivino.com/ES/es/cerro-san-cristobal-dominio-del-verso-red-blend/w/9580896?year=2018&price_id=26737475","https://www.vivino.com/packs/f1b798fa2a2afa4f598391f35cba7e57.png","Cerro San Cristobal","Dominio del Verso Red Blend 2018","Condado de Huelva, España","4,4","50 valoraciones","","Popular entre los usuarios de Vivino. Más de 50 valoraciones"
"https://www.vivino.com/ES/es/do-ferreiro-cepas-vellas-rias-baixas-albarino/w/1191728?year=2021&price_id=31929459","https://images.vivino.com/thumbs/4fONfoUWSvSUTBcdNfTN5Q_pb_x300.png","Do Ferreiro (Bodegas Gerardo Mendez)","Cepas Vellas Rias Baixas Albariño 2021","Rías Baixas, España","4,4","48 valoraciones","",""
"https://www.vivino.com/ES/es/attis-sitta-pereiras-blanco-dulce/w/4686481?year=2021&price_id=28947160","https://images.vivino.com/thumbs/uZmTNegZQi681XwBFdJUaQ_pb_x300.png","Attis","Sitta Pereiras Blanco Dulce 2021","Rías Baixas, España","4,4","45 valoraciones","",""
"https://www.vivino.com/ES/es/ordonez-nisia-las-suertes-verdejo-old-vines/w/4846683?year=2021&price_id=31290167","https://images.vivino.com/thumbs/seRmpW3MTaK4HVkZSpD5Jw_pb_x300.png","Ordóñez","Nisia Las Suertes Verdejo Old Vines 2021","Rueda, España","4,4","43 valoraciones","",""
"https://www.vivino.com/ES/es/clos-galena-galena-priorat/w/1188186?year=2019&price_id=32042634","https://images.vivino.com/thumbs/J6Glnlp8QU2X0eZi-pKPhQ_pb_x300.png","Clos Galena","Galena 2019","Priorato, España","4,4","34 valoraciones","",""
"https://www.vivino.com/ES/es/rio-negro-five-o-ano-la-mancha/w/5901247?year=2017&price_id=30631702","https://images.vivino.com/thumbs/abhbDlVYQkGMV_hhDqOS5w_pb_x300.png","Finca Río Negro","5º Año 2017","La Mancha, España","4,4","33 valoraciones","","Esta cosecha tiene mejor valoración que cualquier otro año de este vino"
"https://www.vivino.com/ES/es/chapeau-wines-mon-dieu-vermouth/w/4250063?price_id=30431296","https://images.vivino.com/thumbs/DA8o5OcQSlS779jOSk76FA_pb_x300.png","Chapeau Wines","Mon Dieu Vermouth N.V.","Rioja, España","4,4","31 valoraciones","",""
"https://www.vivino.com/ES/es/lagar-de-pintos-pie-franco-albarino/w/8047059?year=2017&price_id=20945000","https://images.vivino.com/thumbs/cxn4oXxcRmKaLt3zZiUEUw_pb_x300.png","Lagar de Pintos","Pie Franco Albariño 2017","Rías Baixas, España","4,4","27 valoraciones","",""
"https://www.vivino.com/ES/es/protos-reserva-5-ano-ribera-del-duero/w/1132696?year=2015&price_id=24327856","https://images.vivino.com/thumbs/Io_wOADKTfigymopxKYrvA_pb_x300.png","Protos","Reserva 5 Año 2015","Ribera del Duero, España","4,3","2797 valoraciones","",""
"https://www.vivino.com/ES/es/alto-moncayo-veraton-garnacha/w/98783?year=2017&price_id=31792709","https://images.vivino.com/thumbs/i5YuCh0oQcGOhjr6lLgiJw_pb_x300.png","Alto Moncayo","Veraton Garnacha 2017","Campo de Borja, España","4,3","2193 valoraciones","",""
"https://www.vivino.com/ES/es/luis-canas-reserva-seleccion-de-la-familia/w/1994535?year=2016&price_id=27473977","https://images.vivino.com/thumbs/_9NE0YaFTUCI70W1IF_c_A_pb_x300.png","Luis Cañas","Reserva Selección de la Familia 2016","Rioja, España","4,3","2079 valoraciones","",""
"https://www.vivino.com/ES/es/bodegas-san-roman-tinto/w/1136158?year=2018&price_id=27677759","https://images.vivino.com/thumbs/pqg9eWT0RKOWdU_hCeOLCA_pb_x300.png","Bodegas San Román","Tinto 2018","Toro, España","4,3","1344 valoraciones","",""
"https://www.vivino.com/ES/es/bosque-de-matasnos-bosque-de-matasnos-etiqueta-blanca/w/1220886?year=2019&price_id=31792788","https://images.vivino.com/thumbs/aNEJs9HdSZGvgJdMNIjZAA_pb_x300.png","Bosque de Matasnos","Bosque de Matasnos Etiqueta Blanca 2019","Ribera del Duero, España","4,3","1208 valoraciones","",""
"https://www.vivino.com/ES/es/torre-de-oa-finca-martelo/w/5689436?year=2015&price_id=25533569","https://images.vivino.com/thumbs/JHd2g9xpTqeOc52sKyBq4A_pb_x300.png","Torre de Oña","Finca Martelo 2015","Rioja, España","4,3","1139 valoraciones","",""
"https://www.vivino.com/ES/es/marques-de-riscal-reserva-xr/w/7388608?year=2016&price_id=25294866","https://images.vivino.com/thumbs/B16FOepaS1aO5WPtys9Hdg_pb_x300.png","Marqués de Riscal","Reserva XR 2016","Rioja, España","4,3","1137 valoraciones","",""
"https://www.vivino.com/ES/es/pago-de-los-capellanes-crianza-tinto/w/16226?year=2020&price_id=31792804","https://images.vivino.com/thumbs/PtA1A516RK6KClme7eBSCQ_pb_x300.png","Pago de Los Capellanes","Crianza Tinto 2020","Ribera del Duero, España","4,3","1050 valoraciones","",""
"https://www.vivino.com/ES/es/tarima-alicante-bouschet-by-tarima/w/8803139?year=2017&price_id=25515043","https://images.vivino.com/thumbs/ENW2v3cOQ4uEnxroVZULMw_pb_x300.png","Volver","Alicante Bouschet by Tarima 2017","Alicante, España","4,3","784 valoraciones","",""
"https://www.vivino.com/ES/es/castillo-perelada-finca-malaveina-empord/w/99336?year=2017&price_id=23029318","https://images.vivino.com/thumbs/wNQN2vk9TZGDampZmxHr6Q_pb_x300.png","Castillo Perelada","Finca Malaveïna 2017","Empordà, España","4,3","780 valoraciones","",""
"https://www.vivino.com/ES/es/la-rioja-alta-vina-arana-gran-reserva-rioja/w/7311113?year=2015&price_id=31792805","https://images.vivino.com/thumbs/Mjc-2YuNSP68Im0TXCWaLA_pb_x300.png","La Rioja Alta","Viña Arana Gran Reserva 2015","Rioja, España","4,3","765 valoraciones","",""
"https://www.vivino.com/ES/es/enate-chardonnay-fermentado-en-barrica/w/9063?year=2020&price_id=27624459","https://images.vivino.com/thumbs/gVC3njVPQUivFPQs8fG0jQ_pb_x300.png","Enate","Chardonnay Fermentado en Barrica 2020","Somontano, España","4,3","635 valoraciones","",""
"https://www.vivino.com/ES/es/es-aster-finca-el-otero/w/1253646?year=2016&price_id=25377249","https://images.vivino.com/thumbs/jDVJ-PKjRJ-NexoqZid1hg_pb_x300.png","Áster","Finca El Otero 2016","Ribera del Duero, España","4,3","614 valoraciones","",""
"https://www.vivino.com/ES/es/ontanon-queiron-mi-lugar-la-rioja-red-wine-v/w/8105663?year=2018&price_id=27014124","https://images.vivino.com/thumbs/JJlBXDzxSRGZbFJCfx8lNA_pb_x300.png","Ontañón","Queirón Mi Lugar 2018","Rioja, España","4,3","602 valoraciones","",""
"https://www.vivino.com/ES/es/castillo-perelada-finca-malaveina-empord/w/99336?year=2018&price_id=26181223","https://images.vivino.com/thumbs/wNQN2vk9TZGDampZmxHr6Q_pb_x300.png","Castillo Perelada","Finca Malaveïna 2018","Empordà, España","4,3","595 valoraciones","",""
"https://www.vivino.com/ES/es/juan-gil-jumilla-blue-label/w/1713612?year=2020&price_id=30290177","https://images.vivino.com/thumbs/FmXe_svsQxK4FRxWnFcOnA_pb_x300.png","Juan Gil","Jumilla Blue Label 2020","Jumilla, España","4,3","585 valoraciones","","Destacado en El mejor 25 Spanish Monastrell vinos en España en este momento"
"https://www.vivino.com/ES/es/dominio-do-bibei-lapola/w/1147593?year=2019&price_id=30472095","https://images.vivino.com/thumbs/Kw8JvF37Qxysy-Gz_NCoNA_pb_x300.png","Dominio do Bibei","Lapola 2019","Ribeira Sacra, España","4,3","547 valoraciones","","Cosecha más antigua disponible"
"https://www.vivino.com/ES/es/lustau-pedro-ximenez-murillo-seleccion-del-centenario/w/1169782?price_id=6564991","https://images.vivino.com/thumbs/rwyCfc6_QXyprsMekh8bmw_pb_x300.png","Lustau","Pedro Ximénez Murillo Selección del Centenario N.V.","Jerez-Xérès-Sherry, España","4,3","536 valoraciones","",""
"https://www.vivino.com/ES/es/bodegas-san-roman-tinto/w/1136158?year=2019&price_id=29479773","https://images.vivino.com/thumbs/pqg9eWT0RKOWdU_hCeOLCA_pb_x300.png","Bodegas San Román","Tinto 2019","Toro, España","4,3","518 valoraciones","",""
"https://www.vivino.com/ES/es/hispano-suizas-bassus-pinot-noir/w/1193017?year=2020&price_id=27984160","https://images.vivino.com/thumbs/rBBDgfruRiWlL25dMh9vxQ_pb_x300.png","Hispano Suizas","Bassus Pinot Noir 2020","Utiel-Requena, España","4,3","407 valoraciones","",""
"https://www.vivino.com/ES/es/emilio-moro-la-revelia-godello-bierzo/w/6306232?year=2019&price_id=28853845","https://images.vivino.com/thumbs/B2cvfyqMS3eUO_2WTIOipA_pb_x300.png","Emilio Moro","La Revelía Godello 2019","Bierzo, España","4,3","368 valoraciones","",""
"https://www.vivino.com/ES/es/figuero-vinas-viejas/w/2391563?year=2018&price_id=27072080","https://images.vivino.com/thumbs/tWOsqNrHRwKcreHmfbdXiw_pb_x300.png","Figuero","Viñas Viejas 2018","Ribera del Duero, España","4,3","367 valoraciones","",""
"https://www.vivino.com/ES/es/emilio-moro-vendimia-seleccionada/w/6304704?year=2019&price_id=28818914","https://images.vivino.com/thumbs/HIW2WHqpTDqh0oHdDWJeCg_pb_x300.png","Emilio Moro","Vendimia Seleccionada 2019","Ribera del Duero, España","4,3","356 valoraciones","",""
"https://www.vivino.com/ES/es/masies-davinyo-abadal-three-9/w/1385716?year=2018&price_id=27671452","https://images.vivino.com/thumbs/KpN9u2djQoyJE6hOD0I32Q_pb_x300.png","Abadal","3.9 2018","Pla de Bages, España","4,3","327 valoraciones","",""
"https://www.vivino.com/ES/es/es-de-muller-legitim-crianza/w/1210435?year=2019&price_id=27703666","https://images.vivino.com/thumbs/YnE7f3XxSxeyvcnGsEmXvw_pb_x300.png","De Muller","Legítim Crianza 2019","Priorato, España","4,3","296 valoraciones","",""
"https://www.vivino.com/ES/es/lan-a-mano-rioja/w/1187293?year=2019&price_id=27890894","https://images.vivino.com/thumbs/FabOknN7RiSBqeDpRCSc6Q_pb_x300.png","Lan","A Mano Rioja 2019","Rioja, España","4,3","260 valoraciones","",""
"https://www.vivino.com/ES/es/hispano-suizas-bobos-finca-casa-la-borracha/w/1937521?year=2020&price_id=28453254","https://images.vivino.com/thumbs/csDW58FEQ_WGE_nT5aijkQ_pb_x300.png","Hispano Suizas","Bobos Finca Casa la Borracha 2020","Utiel-Requena, España","4,3","254 valoraciones","",""
"https://www.vivino.com/ES/es/pago-de-vallegarcia-hipperia-red-blend/w/1667257?year=2018&price_id=27194839","https://images.vivino.com/thumbs/L1nQMYl8SxaWfHo5u-drOg_pb_x300.png","Pago de Vallegarcía","Hipperia Red Blend 2018","Castilla, España","4,3","229 valoraciones","",""
"https://www.vivino.com/ES/es/pago-de-vallegarcia-montes-de-toledo-syrah/w/1133054?year=2019&price_id=29596910","https://images.vivino.com/thumbs/fzBF9dajScSAUtsP9kR5ew_pb_x300.png","Pago de Vallegarcía","Montes de Toledo Syrah 2019","Castilla, España","4,3","216 valoraciones","",""
"https://www.vivino.com/ES/es/bodegas-leda-vinas-viejas-vinas-viejas-tempranillo/w/1164218?year=2017&price_id=27474027","https://images.vivino.com/thumbs/8dWvzCWTTL-tnxwkFunisQ_pb_x300.png","Leda","Viñas Viejas Tempranillo 2017","Castilla y León, España","4,3","212 valoraciones","",""
"https://www.vivino.com/ES/es/tridente-prieto-picudo/w/1535476?year=2016&price_id=17710143","https://images.vivino.com/thumbs/Ykaei4OPR42ydKUifhKJLw_pb_x300.png","Tridente","Prieto Picudo 2016","Castilla y León, España","4,3","210 valoraciones","",""
"https://www.vivino.com/ES/es/vinos-guerra-reserva-vermouth-rojo/w/3009979?price_id=26647301","https://images.vivino.com/thumbs/LuuCvY3xQ_ij5xtCrL366g_pb_x300.png","Vinos Guerra","Reserva Vermouth Rojo N.V.","Bierzo, España","4,3","196 valoraciones","",""
"https://www.vivino.com/ES/es/pago-de-vallegarcia-vallegarcia-viognier/w/1144208?year=2019&price_id=26195429","https://images.vivino.com/thumbs/jN990O1LR8K92UWLOUfMEQ_pb_x300.png","Pago de Vallegarcía","Vallegarcia Viognier 2019","Castilla, España","4,3","183 valoraciones","",""
"https://www.vivino.com/ES/es/la-rioja-alta-vina-ardanza-reserva/w/7973?year=2016&price_id=31344032","https://images.vivino.com/thumbs/WLyWx1cvSGe7KcPsIlFtig_pb_x300.png","La Rioja Alta","Viña Ardanza Reserva 2016","Rioja, España","4,3","167 valoraciones","",""
"https://www.vivino.com/ES/es/dehesa-del-carrizal-petit-verdot/w/2006729?year=2018&price_id=27895346","https://images.vivino.com/thumbs/Oz9FyRp2QH2BBvKHeIvJIg_pb_x300.png","Dehesa del Carrizal","Petit Verdot 2018","Dehesa del Carrizal, España","4,3","162 valoraciones","",""
"https://www.vivino.com/ES/es/losada-altos-de-losada/w/1176060?year=2020&price_id=29613222","https://images.vivino.com/thumbs/i9aYzkZ2T_25ypI_Gsd3fQ_pb_x300.png","Losada","Altos de Losada 2020","Bierzo, España","4,3","160 valoraciones","",""
"https://www.vivino.com/ES/es/alonso-pedrajo-suane-blanco/w/4463071?year=2017&price_id=26420156","https://images.vivino.com/thumbs/_Db-4HNVTSG-kIDOU_gn8w_pb_x300.png","Alonso & Pedrajo","Suañé Blanco 2017","Rioja, España","4,3","153 valoraciones","",""
"https://www.vivino.com/ES/es/dominio-de-atauta-dominio-de-atauta/w/13651?year=2019&price_id=30488480","https://images.vivino.com/thumbs/DK2DW0s0Sd2WJ-eTfY70jw_pb_x300.png","Dominio de Atauta","Dominio de Atauta 2019","Ribera del Duero, España","4,3","144 valoraciones","",""
"https://www.vivino.com/ES/es/alta-alella-orbus/w/2735037?year=2016&price_id=27808647","https://images.vivino.com/thumbs/UaE9ElpnRJ2qlLpSdMYLaw_pb_x300.png","Alta Alella","Orbus 2016","Alella, España","4,3","138 valoraciones","",""
"https://www.vivino.com/ES/es/es-espelt-coma-bruna/w/2810970?year=2017&price_id=28376831","https://images.vivino.com/thumbs/4gAE_sDyQnioxL8m3C1onQ_pb_x300.png","Espelt","Coma Bruna 2017","Empordà, España","4,3","133 valoraciones","",""
"https://www.vivino.com/ES/es/bodegas-y-vinedos-valderiz-sl-juegabolos/w/1246179?year=2017&price_id=26658007","https://images.vivino.com/thumbs/V85YMqx1Q32DyRVLAy1MuQ_pb_x300.png","Valderiz","Juegabolos 2017","Ribera del Duero, España","4,3","118 valoraciones","","La cosecha más económica disponible"
"https://www.vivino.com/ES/es/costerduo-tinto/w/6721516?year=2017&price_id=29794774","https://images.vivino.com/thumbs/uK_c1RNVR--2lrCiAB2afQ_pb_x300.png","Costerduo","Tinto 2017","Priorato, España","4,3","114 valoraciones","","Esta cosecha tiene mejor valoración que cualquier otro año de este vino"
"https://www.vivino.com/ES/es/naia-naiades/w/87931?year=2018&price_id=29997894","https://images.vivino.com/thumbs/TdIxxvXKQ6ezmUU1txFg5A_pb_x300.png","Naia","Naiades 2018","Rueda, España","4,3","111 valoraciones","","Última cosecha disponible"
"https://www.vivino.com/ES/es/coca-i-fito-negre/w/1212299?year=2013&price_id=27003104","https://images.vivino.com/thumbs/5lnCs1bZToe5npHQorN-jg_pb_x300.png","Coca i Fitó","Negre 2013","Montsant, España","4,3","100 valoraciones","","Entre el 1 % superior de todos los vinos del mundo"
"https://www.vivino.com/ES/es/valtravieso-vendimia-seleccionada-vt/w/1171623?year=2018&price_id=27507394","https://images.vivino.com/thumbs/7tSa-Ok4SIOs5-G3ddvwCw_pb_x300.png","Valtravieso","Vendimia Seleccionada VT 2018","Ribera del Duero, España","4,3","98 valoraciones","",""
"https://www.vivino.com/ES/es/mar-de-frades-rias-baixas-albarino-finca-valinas/w/1146614?year=2017&price_id=29181783","","Mar de Frades","Rias Baixas Albariño Finca Valiñas 2017","Rías Baixas, España","4,3","98 valoraciones","",""
"https://www.vivino.com/ES/es/tridente-prieto-picudo/w/1535476?year=2018&price_id=22825792","https://images.vivino.com/thumbs/Ykaei4OPR42ydKUifhKJLw_pb_x300.png","Tridente","Prieto Picudo 2018","Castilla y León, España","4,3","89 valoraciones","",""
"https://www.vivino.com/ES/es/bosque-de-matasnos-bosque-de-matasnos-etiqueta-blanca/w/1220886?year=2020&price_id=31571761","https://images.vivino.com/thumbs/aNEJs9HdSZGvgJdMNIjZAA_pb_x300.png","Bosque de Matasnos","Bosque de Matasnos Etiqueta Blanca 2020","Ribera del Duero, España","4,3","88 valoraciones","",""
"https://www.vivino.com/ES/es/vina-salceda-rioja-reserva-conde-de-la-salceda/w/2076441?year=2017&price_id=27066686","https://images.vivino.com/thumbs/bczR4waeS1aIlWbfXsHomg_pb_x300.png","Viña Salceda","Rioja Reserva Conde De La Salceda 2017","Rioja, España","4,3","86 valoraciones","",""
"https://www.vivino.com/ES/es/pradorey-finca-la-mina-reserva/w/2530496?year=2018&price_id=31092986","https://images.vivino.com/thumbs/BTmruDEVT-ebjVZfE8oYcA_pb_x300.png","Pradorey","Finca La Mina Reserva 2018","Ribera del Duero, España","4,3","83 valoraciones","",""
"https://www.vivino.com/ES/es/senorio-de-libano-reserva/w/99089?year=2016&price_id=29919422","https://images.vivino.com/thumbs/JFiNtEwLQM692pzjpBkbmw_pb_x300.png","Señorío de Libano","Reserva 2016","Rioja, España","4,3","82 valoraciones","","Cosecha más antigua disponible"
"https://www.vivino.com/ES/es/avancia-godello/w/1210648?year=2021&price_id=30251675","https://images.vivino.com/thumbs/fctlC5omTt6w6uTdeWH1Ng_pb_x300.png","Avancia","Godello 2021","Valdeorras, España","4,3","82 valoraciones","",""
"https://www.vivino.com/ES/es/bodega-tesalia-arcos-de-la-frontera/w/6153610?year=2019&price_id=30414530","https://images.vivino.com/thumbs/XPF6R6fKQAiBEd2KksZ1hA_pb_x300.png","Bodega Tesalia","Arcos de la Frontera 2019","Andalucía, España","4,3","77 valoraciones","",""
"https://www.vivino.com/ES/es/rupestre-de-alpera-gold-rupestre-garnacha-tintorera/w/8328781?year=2019&price_id=30321289","https://images.vivino.com/thumbs/Ty_iLnbTRIq02rd5SbuM7w_pb_x300.png","Rupestre de Alpera","Gold Rupestre Garnacha Tintorera 2019","La Mancha, España","4,3","71 valoraciones","","Popular entre los usuarios de Vivino. Más de 70 valoraciones"
"https://www.vivino.com/ES/es/mustiguillo-finca-terrerazo/w/99555?year=2020&price_id=30886490","https://images.vivino.com/thumbs/0_-jhPeGSSKIvDR3z1maww_pb_x300.png","Mustiguillo","Finca Terrerazo 2020","El Terrerazo, España","4,3","68 valoraciones","",""
"https://www.vivino.com/ES/es/bodegas-yzaguirre-selection-1884-vermouth-gran-reserva/w/2653352?price_id=25699371","https://images.vivino.com/thumbs/A-_LZWLcSdOlv2rlg6xspQ_pb_x300.png","Bodegas Yzaguirre","Selectión 1884 Vermouth Gran Reserva N.V.","Cataluña, España","4,3","66 valoraciones","",""
"https://www.vivino.com/ES/es/compania-de-vinos-trico-nicolas-albarino/w/1634161?year=2018&price_id=27060376","https://images.vivino.com/thumbs/-gAClUrGTJWW5jqOFhV9xA_pb_x300.png","Compañía de Vinos Tricó","Nicolás Albariño 2018","Rías Baixas, España","4,3","63 valoraciones","","Buena relación entre calidad y precio. Los vinos similares generalmente cuestan un 46 % más."
"https://www.vivino.com/ES/es/leticia-alvarez-duran-dual/w/5196552?year=2018&price_id=27594870","https://images.vivino.com/thumbs/Tv21i264SfWIpA1M8dBCgg_pb_x300.png","Alvarez Duran","Dual 2018","Priorato, España","4,3","62 valoraciones","",""
"https://www.vivino.com/ES/es/akutain-reserva/w/2804069?year=2015&price_id=28811925","https://images.vivino.com/thumbs/68PgdS7xRh67OL4RKGgoug_pb_x300.png","Bodega Akutain","Reserva 2015","Rioja, España","4,3","62 valoraciones","",""
"https://www.vivino.com/ES/es/arnaiz-ribera-del-duero-gran-reserva/w/2860313?year=2010&price_id=27036499","https://images.vivino.com/thumbs/l4VbmHVnRJqKXGOuy7-crA_pb_x300.png","Arnaiz","Ribera del Duero Gran Reserva 2010","Ribera del Duero, España","4,3","60 valoraciones","",""
"https://www.vivino.com/ES/es/valenciso-rioja-rioja-blanco/w/1647969?year=2021&price_id=30661494","https://images.vivino.com/thumbs/gQT00nOIT_KGOlaLm4aKhA_pb_x300.png","VALENCISO","Rioja Blanco 2021","Rioja, España","4,3","60 valoraciones","","Última cosecha disponible"
"https://www.vivino.com/ES/es/figuero-vinas-viejas/w/2391563?year=2019&price_id=29563542","https://images.vivino.com/thumbs/tWOsqNrHRwKcreHmfbdXiw_pb_x300.png","Figuero","Viñas Viejas 2019","Ribera del Duero, España","4,3","59 valoraciones","",""
"https://www.vivino.com/ES/es/bodega-aida-i-luis-tahulla-moscatel-blanco-seco/w/7395809?year=2018&price_id=24256749","https://images.vivino.com/thumbs/et03y5P0RkGYTyujCvNkPg_pb_x300.png","Bodega Aida i Luis","Tahúlla Moscatel Blanco Seco 2018","Alicante, España","4,3","56 valoraciones","",""
"https://www.vivino.com/ES/es/albet-i-noya-finca-la-milana-penedes/w/79837?year=2018&price_id=27408475","https://images.vivino.com/thumbs/h3dXZZKhS8KavGOYJ4f4Mg_pb_x300.png","Albet i Noya","Finca La Milana Penedès 2018","Penedès, España","4,3","54 valoraciones","",""
"https://www.vivino.com/ES/es/finca-la-capilla-la-capilla-vendimia-seleccionada/w/1133110?year=2019&price_id=30167810","https://images.vivino.com/thumbs/Cl_uT2uqShq90rqlHp_UVA_pb_x300.png","Finca La Capilla","La Capilla Vendimia Seleccionada 2019","Ribera del Duero, España","4,3","53 valoraciones","",""
"https://www.vivino.com/ES/es/es-de-muller-lo-cabalo-reserva/w/1381526?year=2016&price_id=28955692","https://images.vivino.com/thumbs/cSraYkZOQdqqPmm0O--VDw_pb_x300.png","De Muller","Lo Cabaló Reserva 2016","Priorato, España","4,3","54 valoraciones","","Buena relación entre calidad y precio. Los vinos similares generalmente cuestan cerca de 2 veces más."
"https://www.vivino.com/ES/es/bodega-sommos-coleccion-chardonnay/w/7748581?year=2020&price_id=28922374","https://images.vivino.com/thumbs/aD_ExwG0QNG7zN1yZy3gMQ_pb_x300.png","Bodega Sommos","Coleccion Chardonnay 2020","Somontano, España","4,3","52 valoraciones","","Popular entre los usuarios de Vivino. Más de 50 valoraciones"
"https://www.vivino.com/ES/es/attis-sitta-pereiras-blanco-dulce/w/4686481?year=2020&price_id=30458919","https://images.vivino.com/thumbs/uZmTNegZQi681XwBFdJUaQ_pb_x300.png","Attis","Sitta Pereiras Blanco Dulce 2020","Rías Baixas, España","4,3","52 valoraciones","","La cosecha más económica disponible"
"https://www.vivino.com/ES/es/cellers-grifoll-declara-gran-predicat-blanc/w/7416583?year=2018&price_id=27602650","https://images.vivino.com/thumbs/hut57FPMQb2RhnOuEgdV1g_pb_x300.png","Cellers Grifoll Declara","Gran Predicat Blanc 2018","Priorato, España","4,3","51 valoraciones","","Popular entre los usuarios de Vivino. Más de 50 valoraciones"
"https://www.vivino.com/ES/es/bodegas-ateca-atteca-armas-garnacha-old-vines/w/1204799?year=2020&price_id=31397649","https://images.vivino.com/thumbs/eIOKszz8RN-klq-bwAKycA_pb_x300.png","Bodegas Ateca","Atteca Armas Garnacha Old Vines 2020","Calatayud, España","4,3","48 valoraciones","",""
"https://www.vivino.com/ES/es/juan-pinero-fino-en-rama-camborio-fortified-wine/w/8456883?price_id=28905846","https://images.vivino.com/thumbs/YEC4f70MT56bBUU_2x1IGA_pb_x300.png","Juan Pinero","Fino En Rama Camborio N.V.","Jerez-Xérès-Sherry, España","4,3","47 valoraciones","","Entre el 4 % superior de todos los vinos del mundo"
"https://www.vivino.com/ES/es/alvear-pedro-ximenez-de-anada/w/2028826?year=2018&price_id=29013748","https://images.vivino.com/thumbs/eHtCxq6YQEi6vDnv7E05Gw_pb_x300.png","Alvear","Pedro Ximénez de Añada 2018","Montilla-Moriles, España","4,3","47 valoraciones","",""
"https://www.vivino.com/ES/es/castell-d-encus-taleia/w/1203731?year=2019&price_id=31347389","https://images.vivino.com/thumbs/e5oTP-LKT0-jsJ01t1miUQ_pb_x300.png","Castell d'Encus","Taleia 2019","Costers del Segre, España","4,3","47 valoraciones","",""
"https://www.vivino.com/ES/es/bodegas-roda-roda-reserva-rioja/w/18715?year=2019&price_id=31251788","https://images.vivino.com/thumbs/2nbvbEK7SYW9i7dkke-BPA_pb_x300.png","Bodegas Roda","Roda Reserva Rioja 2019","Rioja, España","4,3","46 valoraciones","",""
"https://www.vivino.com/ES/es/vulcano-de-lanzarote-malvasia-volcanica-seco/w/1746304?year=2022&price_id=31190749","https://images.vivino.com/thumbs/xT6mVLEaT22jfE2l50tolg_pb_x300.png","Vulcano de Lanzarote","Malvasía Volcánica Seco 2022","Lanzarote, España","4,3","45 valoraciones","",""
"https://www.vivino.com/ES/es/alvaro-domecq-seventeen-thirty-amontillado/w/5441464?price_id=25511557","https://images.vivino.com/thumbs/7jhq-1XNT0CLHKgfdgbCbw_pb_x300.png","Álvaro Domecq","1730 Amontillado N.V.","Jerez Amontillado, España","4,3","44 valoraciones","",""
"https://www.vivino.com/ES/es/terra-remota-clos-amae/w/9695312?year=2018&price_id=26499993","https://images.vivino.com/thumbs/yoV22lmVTz6-eOUA5GTujQ_pb_x300.png","Terra Remota","Clos Amae 2018","Empordà, España","4,3","43 valoraciones","",""
"https://www.vivino.com/ES/es/gramona-vi-de-glass-gewurztraminer/w/1433204?year=2017&price_id=23205971","https://images.vivino.com/thumbs/QyzxTRd-SaSNgRyj_NqU_w_pb_x300.png","Gramona","Vi De Glass Gewürztraminer 2017","Cataluña, España","4,3","39 valoraciones","",""
"https://www.vivino.com/ES/es/dehesa-del-carrizal-coleccion-privada/w/1180600?year=2018&price_id=29769131","https://images.vivino.com/thumbs/ZFu47Q6pRkmrfRBLInOWJA_pb_x300.png","Dehesa del Carrizal","Colección Privada 2018","Dehesa del Carrizal, España","4,3","39 valoraciones","",""
"https://www.vivino.com/ES/es/castro-candaz-la-vertical/w/4317169?year=2020&price_id=30928053","https://images.vivino.com/thumbs/YjzwtWH-TdmYQEPOXS8RCg_pb_x300.png","Castro Candaz","La Vertical 2020","Ribeira Sacra, España","4,3","37 valoraciones","",""
"https://www.vivino.com/ES/es/muga-flor-de-muga-blanco/w/9567895?year=2019&price_id=30520430","https://images.vivino.com/thumbs/c_0Znm0pR6GKx8nlptN5nQ_pb_x300.png","Muga","Flor de Muga Blanco 2019","Rioja, España","4,3","37 valoraciones","","Esta cosecha tiene mejor valoración que cualquier otro año de este vino"
"https://www.vivino.com/ES/es/gramona-mart-xarel-lo-vermell-penedes/w/5645872?year=2022&price_id=30774779","https://images.vivino.com/thumbs/Qgvi3UQtRMeS9_Fw1M3CFw_pb_x300.png","Gramona","Mart Xarel-lo Vermell 2022","Penedès, España","4,3","36 valoraciones","",""
"https://www.vivino.com/ES/es/habla-no-28/w/10587895?year=2019&price_id=29281429","https://images.vivino.com/thumbs/W0mzhw3pQtaSAUcw5ySomQ_pb_x300.png","Habla","No. 28 2019","Extremadura, España","4,3","34 valoraciones","",""
"https://www.vivino.com/ES/es/abel-mendoza-monge-viura/w/1683772?year=2020&price_id=27075385","https://images.vivino.com/thumbs/ETdPSaClTN6SIbeiaoslYg_pb_x300.png","Abel Mendoza Monge","Viura 2020","Rioja, España","4,3","34 valoraciones","",""
"https://www.vivino.com/ES/es/pasanau-germans-sl-finca-la-planeta/w/1124899?year=2015&price_id=27003883","https://images.vivino.com/thumbs/sBHiXTriSyWEoAGM0WqbxQ_pb_x300.png","Celler Pasanau","Finca la Planeta 2015","Priorato, España","4,3","34 valoraciones","",""
"https://www.vivino.com/ES/es/de-moya-sofia-noble/w/7337855?year=2017&price_id=29566737","https://images.vivino.com/thumbs/hLJ0fCujQTKjJTZkcMGi4Q_pb_x300.png","De Moya","Sofia Noble 2017","Valencia, España","4,3","33 valoraciones","","Popular entre los usuarios de Vivino. Más de 30 valoraciones"
"https://www.vivino.com/ES/es/luzon-por-ti-jumilla/w/1513140?year=2019&price_id=29492425","https://images.vivino.com/thumbs/78AXg3vSR0OLBTmKyvtYhw_pb_x300.png","Luzon","Por Tí 2019","Jumilla, España","4,3","32 valoraciones","","Esta cosecha tiene mejor valoración que cualquier otro año de este vino"
"https://www.vivino.com/ES/es/matarromera-verdejo-fermentado-en-barrica/w/1973235?year=2018&price_id=29846174","https://images.vivino.com/thumbs/_WzTyjgxSQ-yn1qH7Uw-xQ_pb_x300.png","Matarromera","Verdejo Fermentado en Barrica 2018","Rueda, España","4,3","31 valoraciones","","La cosecha más económica disponible"
"https://www.vivino.com/ES/es/pago-de-vallegarcia-montes-de-toledo-syrah/w/1133054?year=2020&price_id=29855075","https://images.vivino.com/thumbs/fzBF9dajScSAUtsP9kR5ew_pb_x300.png","Pago de Vallegarcía","Montes de Toledo Syrah 2020","Castilla, España","4,3","26 valoraciones","",""
"https://www.vivino.com/ES/es/san-cobate-branco/w/9327677?year=2018&price_id=27818832","https://images.vivino.com/thumbs/zG9-5U5-TqaxXG9N6-X6qg_pb_x300.png","San Cobate","Branco 2018","Rueda, España","4,3","26 valoraciones","",""
"https://www.vivino.com/ES/es/marques-de-riscal-rioja-reserva/w/1163903?year=2016&price_id=27076780","https://images.vivino.com/thumbs/VgbHG1MESSGtZvTihXcvqA_pb_x300.png","Marqués de Riscal","Rioja Reserva 2016","Rioja, España","4,2","19979 valoraciones","",""
"https://www.vivino.com/ES/es/emilio-moro-ribera-del-duero-ribera-del-duero/w/1386686?year=2019&price_id=26985137","https://images.vivino.com/thumbs/e0wO4yb-ROyCQVfsd6r-ow_pb_x300.png","Emilio Moro","Ribera del Duero 2019","Ribera del Duero, España","4,2","5698 valoraciones","",""
"https://www.vivino.com/ES/es/marques-de-murrieta-reserva-rioja-finca-ygay/w/10998?year=2017&price_id=27629129","https://images.vivino.com/thumbs/dHMyNYCFQ82jPhgGiQkyow_pb_x300.png","Marqués de Murrieta","Reserva Rioja (Finca Ygay) 2017","Rioja, España","4,2","4269 valoraciones","",""
"https://www.vivino.com/ES/es/protos-twentyseven-ribera-del-duero/w/1224334?year=2018&price_id=25328610","https://images.vivino.com/thumbs/kIW-R9baRMGWt_RXBTcPfw_pb_x300.png","Protos","27 Ribera del Duero 2018","Ribera del Duero, España","4,2","3871 valoraciones","",""
"https://www.vivino.com/ES/es/terras-gauda-terras-gauda-o-rosal/w/3704?year=2021&price_id=27399308","https://images.vivino.com/thumbs/Ew9KV7vqQL2ThHCMKfKkmw_pb_x300.png","Terras Gauda","Terras Gauda O'Rosal 2021","Rías Baixas, España","4,2","3326 valoraciones","",""
"https://www.vivino.com/ES/es/bodegas-arzuaga-navarro-sl-ribera-del-duero-crianza/w/7932?year=2019&price_id=27315190","https://images.vivino.com/thumbs/u_K6vdDZTp2yCKPyw4JO5g_pb_x300.png","Arzuaga","Ribera del Duero Crianza 2019","Ribera del Duero, España","4,2","3175 valoraciones","",""
"https://www.vivino.com/ES/es/r-lopez-de-heredia-vina-bosconia-reserva/w/1662058?year=2008&price_id=27473965","https://images.vivino.com/thumbs/eDyHmY-EQcG28_Ezlpgq5A_pb_x300.png","R. López de Heredia","Viña Bosconia Reserva 2008","Rioja Alta, España","4,2","3112 valoraciones","",""
"https://www.vivino.com/ES/es/tinto-pesquera-crianza/w/2317863?year=2019&price_id=28278879","https://images.vivino.com/thumbs/a752NpqASDGyz9ZuOnq0gA_pb_x300.png","Tinto Pesquera","Crianza 2019","Ribera del Duero, España","4,2","3054 valoraciones","",""
"https://www.vivino.com/ES/es/beronia-rioja-gran-reserva/w/1233459?year=2011&price_id=27212988","https://images.vivino.com/thumbs/EmQu5zOiTASfOeaKOPXkVg_pb_x300.png","Beronia","Rioja Gran Reserva 2011","Rioja, España","4,2","2603 valoraciones","",""
"https://www.vivino.com/ES/es/alto-moncayo-veraton-garnacha/w/98783?year=2018&price_id=26657943","https://images.vivino.com/thumbs/i5YuCh0oQcGOhjr6lLgiJw_pb_x300.png","Alto Moncayo","Veraton Garnacha 2018","Campo de Borja, España","4,2","2398 valoraciones","",""
"https://www.vivino.com/ES/es/bodegas-roda-roda-reserva-rioja/w/18715?year=2012&price_id=27033959","https://images.vivino.com/thumbs/2nbvbEK7SYW9i7dkke-BPA_pb_x300.png","Bodegas Roda","Roda Reserva Rioja 2012","Rioja, España","4,2","2390 valoraciones","",""
"https://www.vivino.com/ES/es/el-coto-coto-de-imaz-rioja-gran-reserva/w/8623?year=2015&price_id=27071887","https://images.vivino.com/thumbs/Rqs2IT1CQ0qRC_nNBU2RAg_pb_x300.png","El Coto","Coto de Imaz Rioja Gran Reserva 2015","Rioja, España","4,2","2269 valoraciones","",""
"https://www.vivino.com/ES/es/es-imperial-rioja-reserva/w/1137169?year=2017&price_id=25324603","https://images.vivino.com/thumbs/Si9NaUFtTMq5PvN8pT2mfA_pb_x300.png","Imperial","Rioja Reserva 2017","Rioja, España","4,2","2197 valoraciones","",""
"https://www.vivino.com/ES/es/remelluri-rioja-reserva/w/89013?year=2014&price_id=27494412","https://images.vivino.com/thumbs/2JhvspTuS9mMHgL0WygQEw_pb_x300.png","Remelluri","Rioja Reserva 2014","Rioja, España","4,2","1769 valoraciones","",""
"https://www.vivino.com/ES/es/murviedro-sericis-cepas-viejas-monastrell-comunitat-valenciana/w/6590318?year=2017&price_id=27711661","https://images.vivino.com/thumbs/lejjj3FiSq-Q4w7okHrV7A_pb_x300.png","Murviedro","Sericis Cepas Viejas Monastrell 2017","Valencia, España","4,2","1706 valoraciones","",""
"https://www.vivino.com/ES/es/beronia-rioja-gran-reserva/w/1233459?year=2013&price_id=31831861","https://images.vivino.com/thumbs/egbm1040TQqkZCTQdjK0sg_pb_x300.png","Beronia","Rioja Gran Reserva 2013","Rioja, España","4,2","1509 valoraciones","",""
"https://www.vivino.com/ES/es/la-rioja-alta-vina-alberdi-crianza/w/1216811?year=2018&price_id=27053283","https://images.vivino.com/thumbs/5JsNFBGVQZiofcZu2cBpCg_pb_x300.png","La Rioja Alta","Viña Alberdi Crianza 2018","Rioja, España","4,2","1407 valoraciones","",""
"https://www.vivino.com/ES/es/marques-de-caceres-rioja-gran-reserva/w/10251?year=2014&price_id=27433723","https://images.vivino.com/thumbs/vaqokyXkT7WFb78aZJxtnA_pb_x300.png","Marqués de Cáceres","Rioja Gran Reserva 2014","Rioja, España","4,2","1400 valoraciones","",""
"https://www.vivino.com/ES/es/bodegas-ximenez-spinola-finest-old-harvest-medium/w/1826676?price_id=29159006","https://images.vivino.com/thumbs/g2GB4GvUQtSHAVWWFLnlyg_pb_x300.png","Bodegas Ximénez-Spínola","Finest Old Harvest Medium N.V.","Jerez-Xérès-Sherry, España","4,2","1380 valoraciones","",""
"https://www.vivino.com/ES/es/lustau-vermut-rojo/w/4010937?price_id=30925939","https://images.vivino.com/thumbs/_Olu9-CxSjGaqJBPpQ_SrA_pb_x300.png","Lustau","Vermut Rojo N.V.","Jerez-Xérès-Sherry, España","4,2","1262 valoraciones","",""
"https://www.vivino.com/ES/es/bodegas-roda-roda-reserva-rioja/w/18715?year=2018&price_id=28166318","https://images.vivino.com/thumbs/2nbvbEK7SYW9i7dkke-BPA_pb_x300.png","Bodegas Roda","Roda Reserva Rioja 2018","Rioja, España","4,2","1241 valoraciones","",""
"https://www.vivino.com/ES/es/olarra-cerro-anon-rioja-gran-reserva/w/76303?year=2015&price_id=27010612","https://images.vivino.com/thumbs/zFqj8uYUR3Wvij2nNZgoSw_pb_x300.png","Bodegas Olarra","Cerro Añon Rioja Gran Reserva 2015","Rioja, España","4,2","1239 valoraciones","",""
"https://www.vivino.com/ES/es/ramon-bilbao-rioja-gran-reserva-rioja-tempranillo/w/2063984?year=2012&price_id=25381972","https://images.vivino.com/thumbs/H62Saw-RQXijQbrfcaa_Jw_pb_x300.png","Ramón Bilbao","Gran Reserva Rioja (Tempranillo) 2012","Rioja, España","4,2","1124 valoraciones","",""
"https://www.vivino.com/ES/es/gramona-gessami/w/1781951?year=2021&price_id=26140707","https://images.vivino.com/thumbs/bwmEr3-sQ1KAA91-B0Aygg_pb_x300.png","Gramona","Gessamí 2021","Penedès, España","4,2","1094 valoraciones","",""
"https://www.vivino.com/ES/es/marques-de-murrieta-reserva-rioja-finca-ygay/w/10998?year=2018&price_id=31792720","https://images.vivino.com/thumbs/dHMyNYCFQ82jPhgGiQkyow_pb_x300.png","Marqués de Murrieta","Reserva Rioja (Finca Ygay) 2018","Rioja, España","4,2","1058 valoraciones","",""
"https://www.vivino.com/ES/es/rafael-palacios-louro-godello/w/1620143?year=2021&price_id=28766652","https://images.vivino.com/thumbs/d8GJDQbJQnysNZgNDZsMXA_pb_x300.png","Rafael Palacios","Louro Godello 2021","Valdeorras, España","4,2","1042 valoraciones","",""
"https://www.vivino.com/ES/es/marques-de-riscal-reserva-xr/w/7388608?year=2015&price_id=21018428","https://images.vivino.com/thumbs/B16FOepaS1aO5WPtys9Hdg_pb_x300.png","Marqués de Riscal","Reserva XR 2015","Rioja, España","4,2","821 valoraciones","",""
"https://www.vivino.com/ES/es/es-dominio-de-cair-seleccion-la-aguilera/w/7567711?year=2016&price_id=27473974","https://images.vivino.com/thumbs/jPNw5p7DS6KCEjS4GDQXWg_pb_x300.png","Dominio de Cair","Selección La Aguilera 2016","Ribera del Duero, España","4,2","820 valoraciones","",""
"https://www.vivino.com/ES/es/la-vicalanda-reserva/w/1126221?year=2015&price_id=27213066","https://images.vivino.com/thumbs/dxOFUGx_TimjeOmrMPZYBA_pb_x300.png","La Vicalanda","Reserva 2015","Rioja, España","4,2","762 valoraciones","","Cosecha más antigua disponible"
"https://www.vivino.com/ES/es/losada-altos-de-losada/w/1176060?year=2017&price_id=22762450","https://images.vivino.com/thumbs/i9aYzkZ2T_25ypI_Gsd3fQ_pb_x300.png","Losada","Altos de Losada 2017","Bierzo, España","4,2","752 valoraciones","","La cosecha más económica disponible"
"https://www.vivino.com/ES/es/cepa-21-ribera-del-duero-tinto/w/97712?year=2018&price_id=27308625","https://images.vivino.com/thumbs/Js6CVSi5TWmyjIyYy4TFqQ_pb_x300.png","Cepa 21","Ribera del Duero Tinto 2018","Ribera del Duero, España","4,2","744 valoraciones","",""
"https://www.vivino.com/ES/es/es-contador-predicador-rioja/w/98836?year=2019&price_id=30204825","https://images.vivino.com/thumbs/o41VHHejSA2pt87Df9dowg_pb_x300.png","Bodega Contador (Benjamín Romeo)","Predicador Rioja 2019","Rioja, España","4,2","740 valoraciones","","Entre el 1 % superior de todos los vinos del mundo"
"https://www.vivino.com/ES/es/vina-sastre-ribera-del-duero-crianza/w/736563?year=2018&price_id=26308954","https://images.vivino.com/thumbs/MbX7jD6VReGYeuOhOB8TVA_pb_x300.png","Viña Sastre","Ribera del Duero Crianza 2018","Ribera del Duero, España","4,2","708 valoraciones","","Cosecha más antigua disponible"
"https://www.vivino.com/ES/es/enrique-mendoza-santa-rosa/w/82958?year=2017&price_id=27951871","https://images.vivino.com/thumbs/3qETFd4BRbCR__jrLdDpkQ_pb_x300.png","Enrique Mendoza","Santa Rosa 2017","Alicante, España","4,2","680 valoraciones","",""
"https://www.vivino.com/ES/es/attis-albarino-lias-finas/w/1249045?year=2021&price_id=27963147","https://images.vivino.com/thumbs/wmKYr_dURYSUbZYQgMHqCA_pb_x300.png","Attis","Albariño Lías Finas 2021","Rías Baixas, España","4,2","634 valoraciones","",""
"https://www.vivino.com/ES/es/mano-a-mano-venta-la-ossa-tempranillo/w/1148433?year=2017&price_id=27898740","https://images.vivino.com/thumbs/VADL9vT0SfSXr_AIlYWBpA_pb_x300.png","Bodegas Mano a Mano","Venta La Ossa Tempranillo 2017","Castilla, España","4,2","632 valoraciones","","La cosecha más económica disponible"
"https://www.vivino.com/ES/es/emilio-moro-la-revelia-godello-bierzo/w/6306232?year=2018&price_id=23378793","https://images.vivino.com/thumbs/B2cvfyqMS3eUO_2WTIOipA_pb_x300.png","Emilio Moro","La Revelía Godello 2018","Bierzo, España","4,2","619 valoraciones","",""
"https://www.vivino.com/ES/es/huerta-de-albala-taberner-tierra-de-cadiz/w/1733516?year=2016&price_id=25926975","https://images.vivino.com/thumbs/VZScqnTuTVCDWUuhjVeuiA_pb_x300.png","Huerta de Albala","Taberner Tierra de Cádiz 2016","Cádiz, España","4,2","614 valoraciones","","Cosecha más antigua disponible"
"https://www.vivino.com/ES/es/bodegas-los-astrales-sl-ribera-del-duero/w/79962?year=2017&price_id=27367837","https://images.vivino.com/thumbs/1FnHTRR_RV-EWOw_i6yhrA_pb_x300.png","Astrales","Ribera del Duero 2017","Ribera del Duero, España","4,2","543 valoraciones","",""
"https://www.vivino.com/ES/es/campillo-gran-reserva-rioja/w/77032?year=2012&price_id=23169773","https://images.vivino.com/thumbs/Uuyocu9xRjGUWwuYo0Ulfg_pb_x300.png","Campillo","Gran Reserva Rioja 2012","Rioja, España","4,2","532 valoraciones","","La cosecha más económica disponible"
"https://www.vivino.com/ES/es/es-portal-del-priorat-clos-del-portal-negre-de-negres/w/99978?year=2018&price_id=27213145","https://images.vivino.com/thumbs/gloww4r8TCKq_9Bwg0GOcQ_pb_x300.png","Portal del Priorat","Clos del Portal Negre de Negres 2018","Priorato, España","4,2","528 valoraciones","",""
"https://www.vivino.com/ES/es/juve-camps-pagos-de-anguix-costalara/w/9498107?year=2019&price_id=30845414","https://images.vivino.com/thumbs/7yXvJYfOQ2KVqsCYhSDnxg_pb_x300.png","Juvé & Camps","Pagos de Anguix Costalara 2019","Ribera del Duero, España","4,2","516 valoraciones","","La cosecha más económica disponible"
"https://www.vivino.com/ES/es/vina-pedrosa-la-navilla/w/1139120?year=2016&price_id=30528241","https://images.vivino.com/thumbs/PLooAKOIQTC7oLhFhW3BZA_pb_x300.png","Viña Pedrosa","La Navilla 2016","Ribera del Duero, España","4,2","508 valoraciones","",""
"https://www.vivino.com/ES/es/bodegas-ximenez-spinola-original-exceptional-harvest/w/1186766?year=2019&price_id=27214467","https://images.vivino.com/thumbs/1VQ2cMh8SSO3sD7cLrUtWw_pb_x300.png","Bodegas Ximénez-Spínola","Original Exceptional Harvest 2019","Jerez-Xérès-Sherry, España","4,2","489 valoraciones","",""
"https://www.vivino.com/ES/es/es-dehesa-de-los-canonigos-crianza/w/1176638?year=2019&price_id=30088392","https://images.vivino.com/thumbs/wU4FJ78hRneVMAukJI4Vzg_pb_x300.png","Dehesa de Los Canónigos","Crianza 2019","Ribera del Duero, España","4,2","486 valoraciones","","La cosecha más económica disponible"
"https://www.vivino.com/ES/es/marques-de-riscal-finca-torrea-rioja/w/1308704?year=2017&price_id=26657998","https://images.vivino.com/thumbs/LKNBmZ0zTYiJecgcrd7M4w_pb_x300.png","Marqués de Riscal","Finca Torrea Rioja 2017","Rioja, España","4,2","481 valoraciones","",""
"https://www.vivino.com/ES/es/los-aguilares-pago-el-espino/w/1719892?year=2019&price_id=31130038","https://images.vivino.com/thumbs/tabXzlJORRWis6PSdJb_qQ_pb_x300.png","Los Aguilares","Pago El Espino 2019","Sierras de Málaga, España","4,2","455 valoraciones","","La cosecha más económica disponible"
"https://www.vivino.com/ES/es/el-coto-coto-de-imaz-rioja-gran-reserva/w/8623?year=2016&price_id=30756922","https://images.vivino.com/thumbs/Rqs2IT1CQ0qRC_nNBU2RAg_pb_x300.png","El Coto","Coto de Imaz Rioja Gran Reserva 2016","Rioja, España","4,2","453 valoraciones","","Última cosecha disponible"
"https://www.vivino.com/ES/es/can-blau-mas-de-can-blau/w/1100805?year=2013&price_id=19616498","https://images.vivino.com/thumbs/wrTbQm4ARnWCXnwAOrCbtg_pb_x300.png","Can Blau","Mas de Can Blau 2013","Montsant, España","4,2","435 valoraciones","",""
"https://www.vivino.com/ES/es/mustiguillo-finca-terrerazo/w/99555?year=2019&price_id=27003345","https://images.vivino.com/thumbs/0_-jhPeGSSKIvDR3z1maww_pb_x300.png","Mustiguillo","Finca Terrerazo 2019","El Terrerazo, España","4,2","430 valoraciones","",""
"https://www.vivino.com/ES/es/mar-de-frades-rias-baixas-albarino-finca-valinas/w/1146614?year=2015&price_id=22762597","https://images.vivino.com/thumbs/9fnNJUFrS6SMKjj1ndHE5Q_pb_x300.png","Mar de Frades","Rias Baixas Albariño Finca Valiñas 2015","Rías Baixas, España","4,2","429 valoraciones","","Cosecha más antigua disponible"
"https://www.vivino.com/ES/es/bodegas-el-seque-el-seque/w/6739432?year=2019&price_id=27507689","https://images.vivino.com/thumbs/uhYN-qTpS7ajOJCpycOnaQ_pb_x300.png","Bodegas El Sequé","El Sequé 2019","Alicante, España","4,2","417 valoraciones","",""
"https://www.vivino.com/ES/es/dominio-de-atauta-dominio-de-atauta/w/13651?year=2018&price_id=28808020","https://images.vivino.com/thumbs/DK2DW0s0Sd2WJ-eTfY70jw_pb_x300.png","Dominio de Atauta","Dominio de Atauta 2018","Ribera del Duero, España","4,2","415 valoraciones","",""
"https://www.vivino.com/ES/es/beronia-rioja-gran-reserva/w/1233459?year=2015&price_id=31642444","","Beronia","Rioja Gran Reserva 2015","Rioja, España","4,2","400 valoraciones","",""
"https://www.vivino.com/ES/es/torre-de-oa-finca-martelo/w/5689436?year=2016&price_id=30828358","https://images.vivino.com/thumbs/JHd2g9xpTqeOc52sKyBq4A_pb_x300.png","Torre de Oña","Finca Martelo 2016","Rioja, España","4,2","396 valoraciones","",""
"https://www.vivino.com/ES/es/bodegas-y-vinedos-valderiz-sl-tinto/w/1155151?year=2019&price_id=26963322","https://images.vivino.com/thumbs/RMp8BiAZRqiB7UtwAmSvsg_pb_x300.png","Valderiz","Tinto 2019","Ribera del Duero, España","4,2","376 valoraciones","","Esta cosecha tiene mejor valoración que cualquier otro año de este vino"
"https://www.vivino.com/ES/es/vinedos-y-bodegas-munoz-blas-munoz-chardonnay/w/13907?year=2021&price_id=29061982","https://images.vivino.com/thumbs/FdaZQ7poT3udEOoCVAhXzg_pb_x300.png","Viñedos y Bodegas Muñoz","Blas Muñoz Chardonnay 2021","Castilla, España","4,2","374 valoraciones","","Buena relación entre calidad y precio. Los vinos similares generalmente cuestan cerca de 2 veces más."
"https://www.vivino.com/ES/es/es-toro-albala-don-px-pedro-ximenez/w/86816?year=2018&price_id=23737247","https://images.vivino.com/thumbs/IW4LY7lKSRKNHS4xoqyO6A_pb_x300.png","Toro Albalá","Don PX Pedro Ximenez 2018","Montilla-Moriles, España","4,2","368 valoraciones","",""
"https://www.vivino.com/ES/es/lustau-palo-cortado-de-jerez-almacenista-cayetano-del-pino-y-cia-sherry/w/6457777?price_id=25684707","https://images.vivino.com/thumbs/Z-r6UW3qTdWbAVzblE8dfw_pb_x300.png","Lustau","Palo Cortado de Jerez Almacenista 'Cayetano del Pino y Cía' Sherry N.V.","Jerez Palo Cortado, España","4,2","366 valoraciones","","Entre el 2 % superior de todos los vinos del mundo"
"https://www.vivino.com/ES/es/chivite-comunidad-foral-de-navarra-navarra-reserva-coleccion-125/w/78777?year=2015&price_id=24548852","https://images.vivino.com/thumbs/d0A4NAIDTwimt-jQlJGlDw_pb_x300.png","Chivite","Navarra Reserva Coleccion 125 2015","Navarra, España","4,2","362 valoraciones","",""
"https://www.vivino.com/ES/es/pepe-mendoza-casa-agricola-giro-de-abargues/w/8413099?year=2019&price_id=25623611","https://images.vivino.com/thumbs/mCaU6flNR-Ky2kVrHXAEPA_pb_x300.png","Pepe Mendoza Casa Agrícola","Giró de Abargues 2019","Alicante, España","4,2","362 valoraciones","",""
"https://www.vivino.com/ES/es/celler-vall-llach-embruix/w/81648?year=2021&price_id=31111169","https://images.vivino.com/thumbs/eaX4vtHTTpW-oh9zma2Mcw_pb_x300.png","Vall Llach","Embruix 2021","Priorato, España","4,2","351 valoraciones","","Buena relación entre calidad y precio. Los vinos similares generalmente cuestan un 68 % más."
"https://www.vivino.com/ES/es/castillo-de-cuzcurrita-senorio-de-cuzcurrita-rioja/w/1195686?year=2018&price_id=27006335","https://images.vivino.com/thumbs/jPW6JJLPSgSCGvoLYuz7_w_pb_x300.png","Castillo de Cuzcurrita","Señorío de Cuzcurrita Rioja 2018","Rioja, España","4,2","339 valoraciones","",""
"https://www.vivino.com/ES/es/familia-torres-salmos/w/2656?year=2018&price_id=30500419","https://images.vivino.com/thumbs/RToabeoNQFal4JnIIJqUCg_pb_x300.png","Familia Torres","Salmos 2018","Priorato, España","4,2","335 valoraciones","","La cosecha más económica disponible"
"https://www.vivino.com/ES/es/r-lopez-de-heredia-vina-bosconia-reserva/w/1662058?year=2011&price_id=30941212","https://images.vivino.com/thumbs/eDyHmY-EQcG28_Ezlpgq5A_pb_x300.png","R. López de Heredia","Viña Bosconia Reserva 2011","Rioja Alta, España","4,2","324 valoraciones","",""
"https://www.vivino.com/ES/es/bodegas-arzuaga-navarro-sl-ribera-del-duero-crianza/w/7932?year=2020&price_id=31717860","https://images.vivino.com/thumbs/u_K6vdDZTp2yCKPyw4JO5g_pb_x300.png","Arzuaga","Ribera del Duero Crianza 2020","Ribera del Duero, España","4,2","310 valoraciones","","La cosecha más económica disponible"
"https://www.vivino.com/ES/es/emilio-moro-la-felisa/w/6024196?year=2020&price_id=27696400","https://images.vivino.com/thumbs/qekRsxv0T0K_4LkYCb86ZA_pb_x300.png","Emilio Moro","La Felisa 2020","Ribera del Duero, España","4,2","298 valoraciones","",""
"https://www.vivino.com/ES/es/gramona-imperial-brut/w/1199954?year=2017&price_id=31129325","https://images.vivino.com/thumbs/xuuSnf4WQKOJllwX5KbymA_pb_x300.png","Gramona","Imperial Brut 2017","Cava, España","4,2","294 valoraciones","","La cosecha más económica disponible"
"https://www.vivino.com/ES/es/pazo-de-rubianes-rias-baixas-albarino/w/2558262?year=2021&price_id=28480267","https://images.vivino.com/thumbs/Yjh6akOcReSq8Sfu2GceqQ_pb_x300.png","Pazo de Rubianes","Albariño 2021","Rías Baixas, España","4,2","291 valoraciones","","Buena relación entre calidad y precio. Los vinos similares generalmente cuestan un 42 % más."
"https://www.vivino.com/ES/es/toms-postigo-fermentado-en-barrica-blanco/w/1553003?year=2018&price_id=25671329","https://images.vivino.com/thumbs/pIJPl5JVTb-9NkUuWL35Fg_pb_x300.png","Tomás Postigo","Fermentado En Barrica Blanco 2018","Castilla y León, España","4,2","288 valoraciones","",""
"https://www.vivino.com/ES/es/carmelo-rodero-crianza/w/76284?year=2020&price_id=30926607","https://images.vivino.com/thumbs/ePpYimTQRamBcpW6VHBN1A_pb_x300.png","Carmelo Rodero","Crianza 2020","Ribera del Duero, España","4,2","285 valoraciones","",""
"https://www.vivino.com/ES/es/es-finca-torremilanos-torre-albeniz-reserva-ribera-del-duero/w/99874?year=2018&price_id=26784634","https://images.vivino.com/thumbs/SO8ujK9cSzCwL6PnUPe6ZQ_pb_x300.png","Finca Torremilanos","Torre Albéniz Reserva Ribera del Duero 2018","Ribera del Duero, España","4,2","285 valoraciones","",""
"https://www.vivino.com/ES/es/contino-reserva/w/1225001?year=2017&price_id=27699028","https://images.vivino.com/thumbs/rZg4zi2QShuCK1QU6ckO-g_pb_x300.png","Contino","Reserva 2017","Rioja, España","4,2","283 valoraciones","","Cosecha más antigua disponible"
"https://www.vivino.com/ES/es/honorio-rubio-anadas/w/2623184?price_id=9545857","https://images.vivino.com/thumbs/RyMm9AXPR_6J2t8qO6IKDg_pb_x300.png","Honorio Rubio","Anadas N.V.","Rioja, España","4,2","283 valoraciones","","Entre el 2 % superior de todos los vinos del mundo"
"https://www.vivino.com/ES/es/marques-de-caceres-rioja-gran-reserva/w/10251?year=2015&price_id=31977300","https://images.vivino.com/thumbs/vaqokyXkT7WFb78aZJxtnA_pb_x300.png","Marqués de Cáceres","Rioja Gran Reserva 2015","Rioja, España","4,2","278 valoraciones","","Última cosecha disponible"
"https://www.vivino.com/ES/es/paco-lola-vintage-albarino-rias-baixas/w/5529093?year=2015&price_id=27775807","https://images.vivino.com/thumbs/HOJt4SJtTniy71azxr6nrA_pb_x300.png","Paco & Lola","Vintage Albariño 2015","Rías Baixas, España","4,2","276 valoraciones","","Popular entre los usuarios de Vivino. Más de 200 valoraciones"
"https://www.vivino.com/ES/es/bodegas-el-seque-el-seque/w/6739432?year=2020&price_id=30576356","https://images.vivino.com/thumbs/uhYN-qTpS7ajOJCpycOnaQ_pb_x300.png","Bodegas El Sequé","El Sequé 2020","Alicante, España","4,2","272 valoraciones","","La cosecha más económica disponible"
"https://www.vivino.com/ES/es/alto-moncayo-veraton-garnacha/w/98783?year=2019&price_id=29022492","","Alto Moncayo","Veraton Garnacha 2019","Campo de Borja, España","4,2","261 valoraciones","",""
"https://www.vivino.com/ES/es/alejandro-fernandez-tinto-pesquera-original/w/8248483?year=2018&price_id=29013281","https://images.vivino.com/thumbs/5bxcc0GxR8yKlswr89TEdA_pb_x300.png","Alejandro Fernández","Tinto Pesquera Original 2018","Ribera del Duero, España","4,2","260 valoraciones","",""
"https://www.vivino.com/ES/es/enate-chardonnay-fermentado-en-barrica/w/9063?year=2021&price_id=29154497","https://images.vivino.com/thumbs/gVC3njVPQUivFPQs8fG0jQ_pb_x300.png","Enate","Chardonnay Fermentado en Barrica 2021","Somontano, España","4,2","258 valoraciones","","Última cosecha disponible"
"https://www.vivino.com/ES/es/luis-canas-reserva-seleccion-de-la-familia/w/1994535?year=2017&price_id=31187361","https://images.vivino.com/thumbs/_9NE0YaFTUCI70W1IF_c_A_pb_x300.png","Luis Cañas","Reserva Selección de la Familia 2017","Rioja, España","4,2","254 valoraciones","","La cosecha más económica disponible"
"https://www.vivino.com/ES/es/es-pago-casa-gran-falcata-blanco/w/5089788?year=2021&price_id=31188319","https://images.vivino.com/thumbs/zSxJQMSiRZ-aORK9fCC96w_pb_x300.png","Pago Casa Gran","Falcata Blanco 2021","Valencia, España","4,2","253 valoraciones","",""
"https://www.vivino.com/ES/es/marques-de-riscal-reserva-xr/w/7388608?year=2017&price_id=26927615","https://images.vivino.com/thumbs/B16FOepaS1aO5WPtys9Hdg_pb_x300.png","Marqués de Riscal","Reserva XR 2017","Rioja, España","4,2","248 valoraciones","","Última cosecha disponible"
"https://www.vivino.com/ES/es/valenciso-rioja-rioja-reserva/w/1171210?year=2016&price_id=29229910","https://images.vivino.com/thumbs/EReJ0L4nQDioVGrrlV6OSg_pb_x300.png","VALENCISO","Rioja Reserva 2016","Rioja, España","4,2","247 valoraciones","",""
"https://www.vivino.com/ES/es/alonso-del-yerro-ribera-del-duero/w/75016?year=2018&price_id=29933250","https://images.vivino.com/thumbs/mEpIHwf4QJKq2evrwek_uA_pb_x300.png","Alonso del Yerro","Ribera del Duero 2018","Ribera del Duero, España","4,2","243 valoraciones","","La cosecha más económica disponible"
"https://www.vivino.com/ES/es/vinos-sanz-finca-la-colina-sauvignon-blanc/w/1156209?year=2021&price_id=27510774","https://images.vivino.com/thumbs/88wPDdgoT-KBdxYT28ZXLQ_pb_x300.png","Vinos Sanz","Finca La Colina Sauvignon Blanc 2021","Rueda, España","4,2","233 valoraciones","",""
"https://www.vivino.com/ES/es/juve-camps-pagos-de-anguix-barrueco/w/9048340?year=2017&price_id=25810780","https://images.vivino.com/thumbs/wwAltXDcRoK_BYqhTOg8tg_pb_x300.png","Juvé & Camps","Pagos de Anguix Barrueco 2017","Ribera del Duero, España","4,2","231 valoraciones","","Cosecha más antigua disponible"
"https://www.vivino.com/ES/es/pares-balta-garnatxa-hisenda-miret/w/1670099?year=2019&price_id=28278871","https://images.vivino.com/thumbs/p8hhzDkzRDymMDoiO1SsVg_pb_x300.png","Parés Baltà","Garnatxa Hisenda Miret 2019","Penedès, España","4,2","228 valoraciones","","La cosecha más económica disponible"
"https://www.vivino.com/ES/es/pago-de-los-capellanes-o-luar-do-sil-valdeorras-godello-sobre-lias/w/4277988?year=2019&price_id=27474146","https://images.vivino.com/thumbs/03UtSIwOSsmi-yedlvLnsw_pb_x300.png","Pago de Los Capellanes","O Luar do Sil Valdeorras Godello Sobre Lias 2019","Valdeorras, España","4,2","219 valoraciones","",""
"https://www.vivino.com/ES/es/terras-gauda-terras-gauda-o-rosal/w/3704?year=2022&price_id=31261189","https://images.vivino.com/thumbs/Ew9KV7vqQL2ThHCMKfKkmw_pb_x300.png","Terras Gauda","Terras Gauda O'Rosal 2022","Rías Baixas, España","4,2","215 valoraciones","",""
"https://www.vivino.com/ES/es/ukan-winery-senderos-de-ukan/w/9837294?year=2019&price_id=26643659","https://images.vivino.com/thumbs/46J5GssmQn2vJz_r6Bjmwg_pb_x300.png","Ukan Winery","Senderos de UKAN 2019","Rioja Alavesa, España","4,2","211 valoraciones","","Popular entre los usuarios de Vivino. Más de 200 valoraciones"
"https://www.vivino.com/ES/es/terras-gauda-la-mar/w/1473982?year=2020&price_id=29740795","https://images.vivino.com/thumbs/nn-zEs7gSsGmW67creCsEw_pb_x300.png","Terras Gauda","La Mar 2020","Rías Baixas, España","4,2","211 valoraciones","","La cosecha más económica disponible"
"https://www.vivino.com/ES/es/conreria-d-scala-dei-les-brugueres/w/6002085?year=2021&price_id=31541495","https://images.vivino.com/thumbs/4quA_XHYQLee2OmSCH-GdA_pb_x300.png","Conreria d'Scala Dei","Les Brugueres 2021","Priorato, España","4,2","208 valoraciones","",""
"https://www.vivino.com/ES/es/es-murua-vs-rioja-tempranillo/w/1814122?year=2017&price_id=20969376","https://images.vivino.com/thumbs/O2kseRGpTV-mnPWMNSNHSQ_pb_x300.png","Murua","VS Rioja Tempranillo 2017","Rioja, España","4,2","195 valoraciones","",""
"https://www.vivino.com/ES/es/bodegas-los-astrales-sl-ribera-del-duero/w/79962?year=2018&price_id=30470047","https://www.vivino.com/packs/f1b798fa2a2afa4f598391f35cba7e57.png","Astrales","Ribera del Duero 2018","Ribera del Duero, España","4,1","195 valoraciones","",""
"https://www.vivino.com/ES/es/sei-solo-preludio/w/3118465?year=2019&price_id=30767170","https://images.vivino.com/thumbs/utYss9bpRhy87fg99XE0-w_pb_x300.png","Sei Solo","Preludio 2019","Ribera del Duero, España","4,2","193 valoraciones","",""
"https://www.vivino.com/ES/es/de-moya-gloria-dulce/w/7735862?price_id=23514378","https://images.vivino.com/thumbs/QVlm0xHMTbmAOnDOScLtWQ_pb_x300.png","De Moya","Gloria Dulce N.V.","Valencia, España","4,2","182 valoraciones","",""
"https://www.vivino.com/ES/es/tinto-pesquera-crianza/w/2317863?year=2020&price_id=31013198","https://images.vivino.com/thumbs/a752NpqASDGyz9ZuOnq0gA_pb_x300.png","Tinto Pesquera","Crianza 2020","Ribera del Duero, España","4,2","176 valoraciones","","La cosecha más económica disponible"
"https://www.vivino.com/ES/es/conreria-d-scala-dei-les-brugueres-blanc/w/1112354?year=2021&price_id=28862904","https://images.vivino.com/thumbs/71eWxoZQSdqV3ZTGsBVynA_pb_x300.png","Conreria d'Scala Dei","Les Brugueres Blanc 2021","Priorato, España","4,2","175 valoraciones","","Esta cosecha tiene mejor valoración que cualquier otro año de este vino"
"https://www.vivino.com/ES/es/castillo-perelada-monastrell-syrah-finca-espolla/w/99331?year=2018&price_id=29374460","https://images.vivino.com/thumbs/ZznYwWS-TBuw_F3hRJZZJQ_pb_x300.png","Castillo Perelada","Monastrell - Syrah Finca Espolla 2018","Empordà, España","4,2","169 valoraciones","",""
"https://www.vivino.com/ES/es/lustau-vermut-rose/w/6818893?price_id=29158991","https://images.vivino.com/thumbs/GzBfpn1zRJC9oj_lm2jWOg_pb_x300.png","Lustau","Vermut Rosé N.V.","Jerez-Xérès-Sherry, España","4,2","161 valoraciones","",""
"https://www.vivino.com/ES/es/es-casa-gran-del-siurana-priorat-cruor/w/1150729?year=2018&price_id=30290174","https://images.vivino.com/thumbs/ab_roJ0WQgKYSnHMEIDl-w_pb_x300.png","Casa Gran del Siurana","Priorat Cruor 2018","Priorato, España","4,2","160 valoraciones","","La cosecha más económica disponible"